Nama Barang,Harga,Terjual,Lokasi
Sepatu golf BOA adidas Solarmotion golf shoes adidas BOA solarmotion,Rp4299.000,-,Jakarta Selatan
Sepatu Bola Adidas Copa Pure.4 FxG - Owhite GY9082 Original,Rp640.000,-,Kab. Sleman
Bayar ditempat/Sepatu Futsal Adidas Copa Best Seller,Rp125.000,Terjual 2 rb+,Kab. Tangerang
Sepatu golf Adidas BOA Codechaos Boost Golf shoes adidas BOA,Rp4899.000,-,Jakarta Selatan
SEPATU ADIDAS SPEZIAL SAMBA GRADE ORIGINAL 100% GARANSI ROOM GAZELLE,Rp179.000,Terjual 500+,Kab. Tangerang
PROMO TERMURAH SEPATU ADIDAS GRAND COURT SE WHITE NAVY SEPATU PRIA,Rp250.000,Terjual 100+,Kab. Tangerang
Sepatu Adidas Alphabounce Beyond Triple Black,Rp575.000,Terjual 4,Jakarta Selatan
Sepatu Adidas Superstar Pria Original Second Used,Rp250.000,Terjual 7,Jakarta Timur
Sepatu Snekers Casual Adidas Samba OG Leather White Black Gum 39-44,Rp499.000,Terjual 7,Bandung
Sepatu Sneakers Pria Adidas Breaknet 2.0 White HP9426,Rp900.000,Terjual 1,Bandung
promo sepatu sneakers pria adidas terlaris sepatu sport terbaru (COD),Rp77.900,Terjual 2 rb+,Surabaya
SEPATU ADIDAS RETROPY E5 BLACK WHITE GUM,Rp1200.000,Terjual 1,Kab. Tangerang
Sepatu Original Adidas Questar Trail Running Black,Rp249.000,Terjual 100+,Tangerang
Sepatu Adidas Yeezy Boost 350 V2 Zebra,Rp390.000,Terjual 2,Jakarta Selatan
Sepatu Sneakers Casual Adidas Spezial Handball Black White Gum BNIB,Rp499.000,Terjual 2,Bandung
Sepatu golf adidas ladies Retrocross Spikeless golf shoes GV6971,Rp3499.000,-,Jakarta Selatan
Sepatu Bola Adidas X Speedportal.4 FxG - Solar Gold GZ2460 Original,Rp720.000,-,Kab. Sleman
Sepatu Sepakbola Sepak Bola Adidas Predator Ori Original Murah Keren,Rp179.900,Terjual 17,Kab. Tangerang
sepatu pria / sepatu lari pria murah / sepatu Adidas Supernova 2 ,Rp249.000,-,Kab. Tangerang
ALAS KAKI MEMORY FOAM ADIDAS / INSOLE BANTALAN DALAM SEPATU ADIDAS,Rp24.900,Terjual 250+,Jakarta Utara
ADIDAS ORIGINALS adidas CT86 Shoes Pria Putih GW5721,Rp1700.000,Terjual 30+,Bekasi
Sepatu Adidas Alphabounce Beyond Triple Black,Rp450.000,Terjual 19,Jakarta Selatan
SEPATU ADIDAS GAZELLE WHITE GREEN,Rp304.999,Terjual 7,Tangerang
Sepatu Sneakers Casual Pria Adidas Spezial Handball Ice Blue,Rp449.100,Terjual 500+,Kab. Tangerang
sepatu adidas spezial gum spesial edition,Rp155.000,Terjual 3,Jakarta Selatan
Sepatu Adidas Nora Black Classic Men's Original ,Rp1999.000,-,Jakarta Utara
BNIB SEPATU ORIGINAL ADIDAS CAMPUS,Rp230.000,Terjual 23,Kab. Tangerang
Sepatu Sneakers Pria Adidas Forum Low - FY7757,Rp1530.000,-,Bandung
"sepatu adidas yezzy boost 350 v2 ""Israfil"" premium quality",Rp450.000,Terjual 3,Jakarta Selatan
Sepatu Adidas Adizero Adios Pro 2 Authentic Quality,Rp700.000,Terjual 3,Jakarta Selatan
Sepatu Bola Adidas X Speedportal Messi.3 FG - TSolar Orange GZ5146 Ori,Rp960.000,Terjual 3,Kab. Sleman
Sepatu Lari Pria Adidas Springnlade Razor Gray black,Rp299.000,Terjual 1,Jakarta Selatan
[AY] SEPATU SNEAKERS BASKET ADIDAS OWN THE GAME LEATHER BLACK WHITE,Rp505.000,-,Bekasi
SEPATU ADIDAS ZOOM OLAHRAGA/EROBIK WANITA PUTIH POLOS,Rp150.000,Terjual 250+,Kab. Tangerang
Sepatu Sneakers Pria Adidas Samba Og Grade Original 100% Casual,Rp199.000,Terjual 500+,Kab. Tangerang
Sepatu Adidas Pureboost GO Triple Black,Rp725.000,Terjual 7,Tangerang Selatan
SEPATU ADIDAS ULTRA BOOST 3.0 FULL WHITE TRIPLE WHITE PREMIUM QUALITY,Rp450.000,Terjual 40+,Jakarta Selatan
Sepatu Casual Adidas BREAKNET FX8707,Rp720.000,Terjual 6,Kab. Bekasi
sepatu Adidas samba og original Made in Indonesia,Rp450.000,Terjual 30+,Kab. Tangerang
Sepatu Adidas Alphabounce Instinct M Grey,Rp550.000,Terjual 60+,Jakarta Selatan
SEPATU ADIDAS RUNFALCON 2.0 ALL BLACK ORIGINAL,Rp575.000,Terjual 1,Kab. Tangerang
Sepatu Sneakers Adidas Advantage Base White HP6207,Rp712.500,Terjual 4,Bandung
Sepatu Adidas Dragon Rom Import Vietnam,Rp149.000,Terjual 60+,Jakarta Selatan
Adidas Originals Superstar Sneakers Shoes - Black/White/Gold,Rp1499.000,Terjual 2,Jakarta Timur
SEPATU SNEAKERS ADIDAS FORUM LOW WHITE PULSE AMBER,Rp735.000,Terjual 2,Tangerang Selatan
Adidas Powerlift 4 Powerlifting Weightlifting Shoes Squat Shoe Sepatu,Rp2285.000,Terjual 2,Jakarta Utara
Adidas Powerlift 5 Powerlifting Weightlifting Shoes Squad Shoe Sepatu,Rp2595.000,Terjual 6,Jakarta Utara
Sepatu Adidas Climacool Jawpaw 2.0 Black White,Rp400.000,Terjual 4,Jakarta Selatan
Sepatu Adidas NMD R1 V2 Black Orange Buat Cowok,Rp500.000,Terjual 4,Jakarta Selatan
Sepatu Pria Adidas Gazelle Brown Original BNIB,Rp500.000,-,Tangerang
sepatu adidas spezial ice blue original BNWB,Rp360.000,Terjual 12,Kab. Tangerang
Sepatu Adidas 3MC Shoes FX8507,Rp500.000,Terjual 2,Tangerang Selatan
Sepatu Sneakers Pria Adidas NMD R1 - GZ9261,Rp2070.000,Terjual 2,Bandung
Sepatu Adidas Broomfield Suede Deep Green Exclusive Colourway,Rp450.000,-,Bandung
sepatu adidas stockholm,Rp1500.000,Terjual 11,Tangerang
SEPATU ADIDAS RETROPY E5 GREY WHITE GREEN ORIGINAL,Rp1250.000,Terjual 2,Kab. Tangerang
sepatu Adidas 350 original second bekas,Rp315.000,-,Jakarta Timur
Adidas Futurevulc Lifestyle Skateboarding Shoes - Black,Rp1099.000,Terjual 6,Jakarta Barat
Sepatu Adidas X9000L4 Cyberpunk Core Black,Rp500.000,Terjual 1,Jakarta Selatan
Sepatu Adidas Futurecraft 4D Ash Green,Rp475.000,Terjual 2,Jakarta Selatan
Sepatu Sneakers Adidas Stansmith Stan Smith Full White Green Original,Rp849.000,Terjual 1,Jakarta Selatan
SEPATU SNEAKERS PRIA ADIDAS FORUM MID GW4371 / 20222,Rp1620.000,Terjual 4,Depok
Sepatu Sneakers Adidas Strutter Leather All Full Triple Black Original,Rp799.000,Terjual 3,Jakarta Selatan
Sepatu Casual Adidas Breaknet 2.0 HP9426,Rp810.000,Terjual 2,Jakarta Timur
Sepatu Sneakers Pria Adidas Centennial 85 Low - FZ5880,Rp1530.000,-,Bandung
Sepatu Adidas sunshine yellow pre order,Rp1525.000,-,Kab. Karawang
Sepatu Adidas Forum Low 84 Limited Men's Original,Rp2099.000,Terjual 1,Jakarta Utara
Sepatu Adidas Ultraboost 22 White Men Original Limited,Rp3899.000,-,Jakarta Selatan
SNEAKERS PRIA adidas Racer TR21 x LEGOÂ® Shoes (HQ8871),Rp1299.000,Terjual 1,Jakarta Selatan
Sepatu Sneakers Unisex ADIDAS NIZZA TREFOIL FW5185 ORIGINAL,Rp850.000,Terjual 13,Jakarta Selatan
Sepatu Sneakers Adidas Munchen Hazy Green Red Gum Original Murah,Rp1849.000,-,Jakarta Selatan
SEPATU ADIDAS OZWEEGO GW9747,Rp1800.000,Terjual 1,Tangerang Selatan
Sepatu Casual Adidas Handball Spezial Ice Blue Original 100% BNIB!,Rp1499.000,-,Bekasi
SEPATU ADIDAS X LEGO TECH RNR BLACK RED,Rp845.000,Terjual 1,Kab. Tangerang
sepatu adidas second,Rp300.000,-,Kab. Bekasi
Sepatu Adidas Alphabounce Instinct M Grey,Rp550.000,Terjual 60+,Jakarta Selatan
Sepatu Lari Pria Adidas Ultrabounce White - HP5778,Rp1170.000,-,Bandung
Sepatu Adidas Ultra Boost 2020 ISS US National Lab Dash Grey Blue,Rp480.000,Terjual 6,Jakarta Selatan
promo sepatu anak adidas kidz buat sekolah Tk/Sd/26/35,Rp80.746,Terjual 60+,Kab. Tangerang
"Sepatu Adidas forum 84 white navy - S, 40",Rp900.000,-,Jakarta Selatan
